GRE Score,TOEFL Score,CGPA,Research,ML_Probability,SAW_Score,Rank
1.0,1.0,1.0,1.0,1.0,1.0,1.0
1.0,1.0,0.998991935483871,1.0,1.0,0.9996975806451613,2.0
0.9823529411764705,1.0,0.9949596774193548,1.0,1.0,0.994076138519924,3.0
0.9882352941176471,0.9916666666666667,0.9879032258064517,1.0,1.0,0.9917631246046806,4.0
0.9911764705882353,0.975,0.9949596774193548,1.0,1.0,0.9912820208728652,5.0
0.9941176470588236,1.0,0.9737903225806451,1.0,1.0,0.9906665085388995,6.0
1.0,1.0,0.9677419354838709,1.0,1.0,0.9903225806451612,7.0
0.9970588235294118,0.9666666666666667,0.9879032258064517,1.0,1.0,0.9889690069576218,8.0
0.9794117647058823,0.9916666666666667,0.9858870967741935,1.0,1.0,0.988952403542062,9.0
0.9852941176470589,0.975,0.9899193548387097,1.0,1.0,0.9882993358633776,10.0
1.0,1.0,0.9576612903225806,1.0,1.0,0.9872983870967742,11.0
0.9823529411764705,0.9916666666666667,0.9778225806451613,1.0,1.0,0.9872683428209994,12.0
0.9882352941176471,0.9916666666666667,0.969758064516129,1.0,1.0,0.9863195762175838,13.0
0.9911764705882353,0.9833333333333333,0.9727822580645161,1.0,1.0,0.9862954617330804,14.0
0.9970588235294118,0.95,0.9838709677419355,1.0,1.0,0.9844259962049335,15.0
1.0,0.9416666666666667,0.9818548387096775,1.0,1.0,0.9828897849462366,16.0
0.9823529411764705,0.9916666666666667,0.9616935483870966,1.0,1.0,0.98242963314358,17.0
0.9764705882352941,0.9833333333333333,0.9717741935483871,1.0,1.0,0.9823165717900063,18.0
0.9794117647058823,0.975,0.9737903225806451,1.0,1.0,0.9819900379506641,19.0
0.9882352941176471,0.9833333333333333,0.9606854838709676,1.0,1.0,0.9819311353573688,20.0
0.9705882352941176,1.0,0.9637096774193549,1.0,1.0,0.9817599620493358,21.0
0.9852941176470589,0.9583333333333334,0.9758064516129032,1.0,1.0,0.9807321315623023,22.0
0.9823529411764705,0.9916666666666667,0.9556451612903226,1.0,1.0,0.9806151170145478,23.0
0.9852941176470589,0.975,0.9637096774193549,1.0,1.0,0.9804364326375712,24.0
1.0,0.95,0.9677419354838709,1.0,1.0,0.9803225806451612,25.0
0.961764705882353,0.9833333333333333,0.9747983870967742,1.0,1.0,0.9795473592662871,26.0
0.9882352941176471,0.9333333333333333,0.9838709677419355,1.0,1.0,0.9788867805186591,27.0
1.0,0.9333333333333333,0.9737903225806451,1.0,1.0,0.9788037634408602,28.0
0.9852941176470589,0.9833333333333333,0.9516129032258064,1.0,1.0,0.9784740670461733,29.0
0.9941176470588236,0.975,0.9536290322580646,1.0,0.99,0.9781181214421253,30.0
1.0,0.9583333333333334,0.9526209677419354,1.0,1.0,0.9774529569892473,31.0
0.9823529411764705,0.9666666666666667,0.9616935483870966,1.0,1.0,0.97742963314358,32.0
0.9764705882352941,0.9833333333333333,0.9546370967741936,1.0,1.0,0.9771754427577483,33.0
0.9735294117647059,0.9333333333333333,0.9879032258064517,1.0,1.0,0.9764199873497786,34.0
0.9647058823529412,0.9666666666666667,0.9677419354838709,1.0,1.0,0.9748323845667299,35.0
0.9794117647058823,0.9833333333333333,0.9425403225806451,1.0,1.0,0.9742817046173308,36.0
0.9735294117647059,0.9916666666666667,0.9415322580645161,1.0,1.0,0.9741753636938647,37.0
0.9764705882352941,0.9833333333333333,0.9435483870967741,1.0,1.0,0.9738488298545225,38.0
0.9941176470588236,0.9833333333333333,0.9475806451612904,1.0,0.96,0.9734702719797597,39.0
0.9735294117647059,0.975,0.9495967741935484,1.0,1.0,0.9732613851992409,40.0
0.9735294117647059,0.9666666666666667,0.9516129032258064,1.0,1.0,0.9721995572422517,41.0
0.9764705882352941,0.9916666666666667,0.9314516129032259,1.0,1.0,0.9718864642631246,42.0
0.9647058823529412,0.9666666666666667,0.9576612903225806,1.0,1.0,0.9718081910183429,43.0
0.9705882352941176,0.9666666666666667,0.9526209677419354,1.0,1.0,0.9717666824794434,44.0
0.9882352941176471,0.9833333333333333,0.9264112903225806,1.0,1.0,0.9716488772928527,45.0
0.9823529411764705,0.95,0.9506048387096774,1.0,1.0,0.9707696869070208,46.0
0.95,0.925,0.9939516129032258,1.0,1.0,0.9706854838709678,47.0
0.9735294117647059,0.9583333333333334,0.9516129032258064,1.0,1.0,0.970532890575585,48.0
0.961764705882353,0.9666666666666667,0.9556451612903226,1.0,1.0,0.9704680581910183,49.0
0.9735294117647059,0.9666666666666667,0.9455645161290324,1.0,1.0,0.9703850411132195,50.0
0.9941176470588236,0.9583333333333334,0.9304435483870969,1.0,1.0,0.9693291429475016,51.0
0.9705882352941176,0.9666666666666667,0.9435483870967741,1.0,1.0,0.969044908285895,52.0
0.9735294117647059,0.9583333333333334,0.9435483870967741,1.0,1.0,0.9681135357368753,53.0
0.9764705882352941,0.9666666666666667,0.9354838709677419,1.0,1.0,0.9680961416824795,54.0
0.9676470588235294,0.9916666666666667,0.9233870967741936,1.0,1.0,0.9672612270714738,55.0
0.9735294117647059,0.9666666666666667,0.9334677419354839,1.0,1.0,0.966756008855155,56.0
0.9676470588235294,0.9416666666666667,0.9526209677419354,1.0,1.0,0.9660313883617964,57.0
1.0,0.9583333333333334,0.9133064516129032,1.0,1.0,0.9656586021505376,58.0
0.9705882352941176,0.9583333333333334,0.9415322580645161,1.0,0.99,0.9652734029095509,59.0
0.9705882352941176,0.9666666666666667,0.9304435483870969,1.0,1.0,0.9651134566729919,60.0
0.9558823529411765,0.95,0.9536290322580646,1.0,1.0,0.9650592979127135,61.0
0.9823529411764705,0.975,0.9143145161290323,1.0,1.0,0.9648825901328273,62.0
0.9794117647058823,0.9416666666666667,0.9354838709677419,1.0,1.0,0.9638314358001265,63.0
0.9676470588235294,0.9416666666666667,0.9435483870967741,1.0,1.0,0.963309614168248,64.0
0.9676470588235294,0.95,0.9375000000000001,1.0,1.0,0.9631617647058823,65.0
0.9705882352941176,0.9416666666666667,0.9385080645161291,1.0,1.0,0.9625328115117016,66.0
0.9588235294117647,0.9416666666666667,0.9475806451612904,1.0,1.0,0.9623134092346617,67.0
0.9705882352941176,0.95,0.9314516129032259,1.0,1.0,0.9620825426944971,68.0
0.9470588235294117,0.9583333333333334,0.9435483870967741,1.0,1.0,0.9614958886780518,69.0
0.9647058823529412,0.9583333333333334,0.9233870967741936,1.0,1.0,0.9598592662871601,70.0
0.9735294117647059,1.0,0.903225806451613,1.0,0.97,0.9598500948766603,71.0
0.9676470588235294,0.95,0.9264112903225806,1.0,1.0,0.9598351518026564,72.0
0.9647058823529412,0.9666666666666667,0.9153225806451613,1.0,1.0,0.9591065781151171,73.0
0.9705882352941176,0.95,0.9243951612903226,1.0,0.99,0.9584656072106261,74.0
0.9588235294117647,0.9666666666666667,0.9213709677419355,1.0,0.99,0.9579505060088551,75.0
0.95,0.9416666666666667,0.9395161290322581,1.0,1.0,0.9576881720430108,76.0
0.9441176470588235,0.925,0.9526209677419354,1.0,1.0,0.9568157020872865,77.0
0.9588235294117647,0.95,0.9233870967741936,1.0,1.0,0.9567220113851993,78.0
0.9529411764705882,0.9416666666666667,0.9324596774193549,1.0,1.0,0.9563065306767868,79.5
0.9529411764705882,0.9416666666666667,0.9324596774193549,1.0,1.0,0.9563065306767868,79.5
0.9588235294117647,0.9666666666666667,0.9153225806451613,1.0,0.99,0.956135989879823,81.0
0.9676470588235294,0.925,0.9304435483870969,1.0,1.0,0.9560448292220114,82.0
0.95,0.9416666666666667,0.9304435483870969,1.0,1.0,0.9549663978494625,83.0
0.9676470588235294,0.925,0.9254032258064516,1.0,1.0,0.9545327324478179,84.0
0.961764705882353,0.9416666666666667,0.9183467741935484,1.0,1.0,0.9542785420619861,85.0
0.9588235294117647,0.925,0.9304435483870969,1.0,1.0,0.9538389468690702,86.0
0.9529411764705882,0.9333333333333333,0.9294354838709679,1.0,1.0,0.9537326059456042,87.0
0.9470588235294117,0.9333333333333333,0.9334677419354839,1.0,1.0,0.9534716951296648,88.0
0.9441176470588235,0.95,0.9233870967741936,1.0,1.0,0.953045540796964,89.0
0.9647058823529412,0.9333333333333333,0.9173387096774194,1.0,1.0,0.9530447501581278,90.0
0.9558823529411765,0.9333333333333333,0.9243951612903226,1.0,1.0,0.9529558032890576,91.0
0.9588235294117647,0.9333333333333333,0.9193548387096774,1.0,1.0,0.952179000632511,92.0
0.9529411764705882,0.95,0.9153225806451613,1.0,0.99,0.9513320683111954,93.0
0.9676470588235294,0.9166666666666666,0.9223790322580646,1.0,0.99,0.950458807716635,94.0
0.9529411764705882,0.925,0.9233870967741936,1.0,1.0,0.9502514231499051,95.0
0.9529411764705882,0.9333333333333333,0.9153225806451613,1.0,1.0,0.9494987349778621,96.0
0.9558823529411765,0.925,0.9183467741935484,1.0,1.0,0.9494746204933586,97.0
0.9647058823529412,0.9166666666666666,0.9213709677419355,1.0,0.99,0.9494210942441492,98.0
0.9676470588235294,0.925,0.908266129032258,1.0,1.0,0.9493916034155598,99.0
0.9588235294117647,0.95,0.9183467741935484,1.0,0.96,0.9492099146110057,100.0
0.9411764705882353,0.9166666666666666,0.9344758064516129,1.0,1.0,0.948970192915876,101.0
0.9529411764705882,0.9166666666666666,0.9223790322580646,1.0,1.0,0.9482823371283997,102.0
0.9558823529411765,0.95,0.9112903225806451,1.0,0.97,0.9478576850094876,103.0
0.961764705882353,0.925,0.907258064516129,1.0,1.0,0.947618595825427,104.0
0.9411764705882353,0.9166666666666666,0.9294354838709679,1.0,1.0,0.9474580961416825,105.0
0.9647058823529412,0.9,0.9254032258064516,1.0,0.99,0.9472974383301707,106.0
0.9411764705882353,0.9166666666666666,0.9274193548387096,1.0,1.0,0.946853257432005,107.0
0.9441176470588235,0.9333333333333333,0.9133064516129032,1.0,1.0,0.9466880139152436,108.0
0.9558823529411765,0.9333333333333333,0.903225806451613,1.0,1.0,0.9466049968374447,109.0
0.9470588235294117,0.9166666666666666,0.9203629032258065,1.0,1.0,0.9462069101834283,110.0
0.95,0.9166666666666666,0.9173387096774194,1.0,1.0,0.9460349462365591,111.0
0.9588235294117647,0.9333333333333333,0.9122983870967742,1.0,0.97,0.94556206514864,112.0
0.9470588235294117,0.9166666666666666,0.9173387096774194,1.0,1.0,0.9452996521189121,113.0
0.961764705882353,0.9,0.9203629032258065,1.0,0.99,0.9450500474383301,114.0
0.9470588235294117,0.95,0.9012096774193548,1.0,0.98,0.9441276091081593,115.0
0.9588235294117647,0.9333333333333333,0.9173387096774194,1.0,0.95,0.9440741619228337,116.0
0.9529411764705882,0.9166666666666666,0.9112903225806451,1.0,0.99,0.9434557242251739,117.0
0.9441176470588235,0.9333333333333333,0.9022177419354838,1.0,1.0,0.9433614010120177,118.0
0.9558823529411765,0.9333333333333333,0.907258064516129,1.0,0.97,0.9433146742567994,119.0
0.9558823529411765,0.9166666666666666,0.903225806451613,1.0,1.0,0.9432716635041114,120.0
0.95,0.9166666666666666,0.905241935483871,1.0,1.0,0.9424059139784946,121.0
0.9764705882352941,0.9,0.909274193548387,1.0,0.97,0.9423999051233396,122.0
0.9441176470588235,0.925,0.904233870967742,1.0,1.0,0.9422995730550285,123.0
0.9529411764705882,0.9166666666666666,0.9294354838709679,1.0,0.94,0.9413992726122707,124.0
0.95,0.9416666666666667,0.8951612903225807,1.0,0.98,0.9413817204301075,125.0
0.9647058823529412,0.9166666666666666,0.909274193548387,1.0,0.96,0.9412920619860847,126.0
0.9441176470588235,0.9083333333333333,0.9203629032258065,1.0,0.98,0.9408049493991145,127.0
0.9558823529411765,0.9,0.9133064516129032,1.0,0.98,0.9399625237191651,128.0
0.9529411764705882,0.9166666666666666,0.904233870967742,1.0,0.98,0.939838788741303,129.0
0.95,0.9166666666666666,0.8951612903225807,1.0,1.0,0.9393817204301076,130.0
0.9352941176470588,0.9083333333333333,0.9294354838709679,1.0,0.96,0.9383208412397217,131.0
0.9529411764705882,0.925,0.908266129032258,1.0,0.95,0.9382151328273244,132.0
0.9529411764705882,0.9166666666666666,0.8941532258064515,1.0,0.98,0.9368145951929158,133.0
0.9764705882352941,0.9333333333333333,0.872983870967742,1.0,0.96,0.9366794750158127,134.0
0.9529411764705882,0.9083333333333333,0.9012096774193548,1.0,0.97,0.93576486401012,135.0
0.9647058823529412,0.9416666666666667,0.8840725806451613,1.0,0.93,0.9342315781151171,136.0
0.9441176470588235,0.9166666666666666,0.8921370967741935,1.0,0.98,0.9340038741302973,137.0
0.9470588235294117,0.9166666666666666,0.903225806451613,1.0,0.95,0.9335657811511702,138.0
0.9411764705882353,0.9,0.904233870967742,1.0,0.98,0.9335642789373814,139.0
0.9529411764705882,0.9333333333333333,0.8840725806451613,1.0,0.95,0.9326237349778621,140.0
0.9411764705882353,0.925,0.8941532258064515,1.0,0.96,0.9325400853889942,141.0
0.9441176470588235,0.925,0.8901209677419355,1.0,0.96,0.9320657020872865,142.0
0.961764705882353,0.9416666666666667,0.872983870967742,1.0,0.94,0.9316696710942441,143.0
0.9323529411764706,0.9166666666666666,0.9183467741935484,1.0,0.93,0.9314256008855155,144.0
0.9441176470588235,0.925,0.8971774193548387,1.0,0.94,0.9311826375711575,145.0
0.961764705882353,0.9416666666666667,0.876008064516129,1.0,0.91,0.9280769291587603,146.0
0.9558823529411765,0.8916666666666667,0.9183467741935484,1.0,0.9,0.927807953826692,147.0
0.961764705882353,0.9333333333333333,0.8790322580645162,1.0,0.9,0.9258175205566098,148.0
0.9529411764705882,0.8916666666666667,0.8941532258064515,1.0,0.92,0.9228145951929159,149.0
0.9470588235294117,0.9333333333333333,0.8689516129032258,1.0,0.92,0.9221168564199873,150.0
0.9411764705882353,0.9416666666666667,0.870967741935484,1.0,0.91,0.9214177735610374,151.0
0.9441176470588235,0.85,0.908266129032258,1.0,0.94,0.9195092504743833,152.0
0.9411764705882353,0.9333333333333333,0.8931451612903225,1.0,0.86,0.9189043327008223,153.0
0.961764705882353,0.9083333333333333,0.8840725806451613,1.0,0.85,0.9148296173308033,154.0
0.9470588235294117,0.8666666666666667,0.8911290322580645,1.0,0.91,0.9139367488931056,155.0
0.9529411764705882,0.925,0.8870967741935485,1.0,0.83,0.9138643263757116,156.0
0.9411764705882353,0.9333333333333333,0.8850806451612903,1.0,0.83,0.9119849778621125,157.0
0.9558823529411765,0.9166666666666666,0.8830645161290323,1.0,0.83,0.9117232764073371,158.0
0.9470588235294117,0.9166666666666666,0.873991935483871,1.0,0.86,0.9112956198608476,159.0
0.9676470588235294,0.95,0.8629032258064516,1.0,0.8,0.9107827324478177,160.0
0.9529411764705882,0.8916666666666667,0.872983870967742,1.0,0.85,0.905963788741303,161.0
0.9235294117647059,0.9083333333333333,0.8840725806451613,1.0,0.85,0.9052707938013915,162.0
0.95,0.9,0.8810483870967742,1.0,0.82,0.9048145161290323,163.0
0.9382352941176471,0.9333333333333333,0.8780241935483872,1.0,0.8,0.9046327482605946,164.0
0.9470588235294117,0.9166666666666666,0.870967741935484,1.0,0.82,0.9043883617963314,165.0
0.9588235294117647,0.85,0.8830645161290323,1.0,0.86,0.9036252371916508,166.0
0.9441176470588235,0.9083333333333333,0.8608870967741935,1.0,0.85,0.9034622074636307,167.0
0.9382352941176471,0.875,0.872983870967742,1.0,0.87,0.9019539848197342,168.0
0.9235294117647059,0.9,0.9112903225806451,1.0,0.78,0.90126944971537,169.0
0.961764705882353,0.925,0.8467741935483871,1.0,0.81,0.9009734345351044,170.0
0.9823529411764705,0.9666666666666667,0.8064516129032259,1.0,0.8,0.9008570524984187,171.0
0.9205882352941176,0.85,0.8971774193548387,1.0,0.86,0.898300284629981,172.0
0.9970588235294118,0.9916666666666667,0.9778225806451613,0.0,1.0,0.8909448134092347,173.0
0.9352941176470588,0.8416666666666667,0.8850806451612903,1.0,0.82,0.8906810562934852,174.0
0.9323529411764706,0.8916666666666667,0.875,1.0,0.77,0.8894215686274509,175.0
0.95,0.8916666666666667,0.8548387096774194,1.0,0.78,0.8892849462365592,176.0
0.9588235294117647,0.9166666666666666,0.8830645161290323,1.0,0.67,0.8884585705249842,177.0
0.9529411764705882,0.8333333333333334,0.870967741935484,1.0,0.81,0.887692283364959,178.0
0.9176470588235294,0.8833333333333333,0.8860887096774193,1.0,0.76,0.8859050442757748,179.0
0.961764705882353,0.8833333333333333,0.8820564516129032,1.0,0.68,0.8837247786211258,180.0
0.9411764705882353,0.8666666666666667,0.8810483870967742,1.0,0.73,0.8824419671094245,181.0
0.9411764705882353,0.9,0.8508064516129031,1.0,0.68,0.8725360531309296,182.0
0.9441176470588235,0.9083333333333333,0.8266129032258064,1.0,0.66,0.8646799493991144,183.0
0.9764705882352941,0.975,0.9173387096774194,0.0,1.0,0.8643192599620494,184.0
0.9029411764705882,0.8916666666666667,0.8588709677419355,1.0,0.65,0.859229917773561,185.0
0.9147058823529411,0.8833333333333333,0.8326612903225806,1.0,0.69,0.8586415243516762,186.0
0.9323529411764706,0.8833333333333333,0.8568548387096774,1.0,0.61,0.8583113535736875,187.0
0.9176470588235294,0.8916666666666667,0.8528225806451614,1.0,0.63,0.8580918722327641,188.0
0.9411764705882353,1.0,0.9183467741935484,0.0,0.97,0.8562981499051233,189.0
0.961764705882353,0.9416666666666667,0.9213709677419355,0.0,1.0,0.8551858001265024,190.0
0.9441176470588235,0.9166666666666666,0.8417338709677419,1.0,0.55,0.8543829063883618,191.0
0.9470588235294117,0.9333333333333333,0.909274193548387,1.0,0.38,0.8532136306135358,192.0
0.9441176470588235,0.95,0.9193548387096774,0.0,1.0,0.8518358633776091,193.0
0.961764705882353,0.9416666666666667,0.9112903225806451,0.0,0.99,0.8506616065781151,194.0
0.961764705882353,0.9583333333333334,0.9213709677419355,0.0,0.93,0.8480191334598355,195.0
0.9058823529411765,0.8833333333333333,0.8276209677419356,1.0,0.64,0.8474235452245414,196.0
0.9529411764705882,0.9583333333333334,0.8830645161290323,1.0,0.35,0.8473213156230234,197.0
0.9441176470588235,0.9083333333333333,0.8870967741935485,1.0,0.41,0.845325110689437,198.0
0.9205882352941176,0.8166666666666667,0.8366935483870969,1.0,0.65,0.8419884566729918,199.0
0.9470588235294117,0.9166666666666666,0.904233870967742,0.0,1.0,0.8413682005060089,200.0
0.9529411764705882,0.9416666666666667,0.8860887096774193,0.0,0.99,0.8408952403542062,201.0
0.9382352941176471,0.875,0.873991935483871,1.0,0.46,0.840756404174573,202.0
0.9176470588235294,0.8916666666666667,0.871975806451613,1.0,0.47,0.8398378399746995,203.0
0.95,0.9333333333333333,0.8850806451612903,0.0,0.97,0.8351908602150537,204.0
0.9529411764705882,0.925,0.8860887096774193,1.0,0.3,0.8340619070208728,205.0
0.9382352941176471,0.9,0.8608870967741935,1.0,0.39,0.8313249525616698,206.0
0.9147058823529411,0.8916666666666667,0.907258064516129,1.0,0.33,0.8286872232764073,207.0
0.9352941176470588,0.9166666666666666,0.8608870967741935,1.0,0.35,0.8279229917773561,208.0
0.9558823529411765,0.9166666666666666,0.873991935483871,1.0,0.28,0.8265015022137888,209.0
0.9382352941176471,0.9166666666666666,0.9112903225806451,0.0,0.9,0.8262792536369387,210.0
0.9441176470588235,0.9083333333333333,0.875,1.0,0.3,0.8251960784313725,211.0
0.9294117647058824,0.9166666666666666,0.8850806451612903,1.0,0.28,0.823210468058191,212.0
0.9352941176470588,0.9083333333333333,0.9193548387096774,0.0,0.86,0.8202966476913346,213.0
0.9382352941176471,0.8583333333333333,0.8830645161290323,1.0,0.32,0.8191448450347881,214.0
0.961764705882353,0.8666666666666667,0.8911290322580645,1.0,0.23,0.8156132194813409,215.0
0.9470588235294117,0.9083333333333333,0.8870967741935485,0.0,0.87,0.8150604048070842,216.0
0.9205882352941176,0.9083333333333333,0.907258064516129,0.0,0.86,0.8129911448450348,217.0
0.9117647058823529,0.8833333333333333,0.9112903225806451,1.0,0.23,0.8124949399114484,218.0
0.95,0.8916666666666667,0.8618951612903226,1.0,0.25,0.81190188172043,219.0
0.9294117647058824,0.9083333333333333,0.8830645161290323,1.0,0.21,0.8104389626818469,220.0
0.9529411764705882,0.9333333333333333,0.8165322580645161,1.0,0.27,0.8103616382036686,221.0
0.9235294117647059,0.9166666666666666,0.8870967741935485,0.0,0.84,0.8063447185325744,222.0
0.9264705882352942,0.8916666666666667,0.8568548387096774,1.0,0.26,0.8060074320050601,223.0
0.9529411764705882,0.875,0.8820564516129032,0.0,0.85,0.8053522296015179,224.0
0.9264705882352942,0.8416666666666667,0.9203629032258065,0.0,0.86,0.8050598513598988,225.0
0.9147058823529411,0.85,0.870967741935484,1.0,0.3,0.8049667931688804,226.0
0.9294117647058824,0.8916666666666667,0.870967741935484,1.0,0.21,0.803476597090449,227.0
0.9176470588235294,0.9083333333333333,0.909274193548387,0.0,0.78,0.8008606894370651,228.0
0.95,0.8666666666666667,0.8508064516129031,1.0,0.22,0.7990752688172043,229.0
0.9235294117647059,0.8666666666666667,0.909274193548387,0.0,0.78,0.7939979443390259,230.0
0.9470588235294117,0.8916666666666667,0.8528225806451614,1.0,0.15,0.7934448134092346,231.0
0.9264705882352942,0.9166666666666666,0.8528225806451614,1.0,0.13,0.7902977545857053,232.0
0.9382352941176471,0.8583333333333333,0.872983870967742,0.0,0.81,0.789620651486401,233.0
0.9205882352941176,0.8916666666666667,0.8568548387096774,1.0,0.15,0.7880368437697659,234.0
0.9558823529411765,0.8833333333333333,0.8467741935483871,1.0,0.12,0.7876695129664769,235.0
0.9470588235294117,0.875,0.8518145161290321,1.0,0.13,0.7868090607210625,236.0
0.9411764705882353,0.8666666666666667,0.8639112903225806,1.0,0.11,0.7843008380771662,237.0
0.9117647058823529,0.8916666666666667,0.873991935483871,0.0,0.73,0.7779720904490829,238.0
0.9352941176470588,0.8583333333333333,0.8558467741935484,1.0,0.1,0.7772442283364959,239.0
0.9058823529411765,0.9,0.8407258064516129,0.0,0.79,0.777188330170778,240.0
0.9382352941176471,0.8833333333333333,0.8397177419354839,1.0,0.09,0.7766408127767235,241.0
0.9029411764705882,0.9166666666666666,0.8437499999999999,0.0,0.76,0.7761936274509803,242.0
0.961764705882353,0.8583333333333333,0.8366935483870969,1.0,0.08,0.7751159076533839,243.0
0.9323529411764706,0.8666666666666667,0.8830645161290323,0.0,0.69,0.7748409234661607,244.0
0.9205882352941176,0.8583333333333333,0.8820564516129032,0.0,0.72,0.774430660974067,245.0
0.9117647058823529,0.8416666666666667,0.871975806451613,1.0,0.11,0.7743672517394053,246.0
0.9147058823529411,0.875,0.8518145161290321,1.0,0.1,0.7742208254269449,247.0
0.9470588235294117,0.8583333333333333,0.8084677419354839,1.0,0.15,0.7734716951296647,248.0
0.9235294117647059,0.825,0.8800403225806452,1.0,0.09,0.77339444971537,249.0
0.9352941176470588,0.9166666666666666,0.8870967741935485,0.0,0.6,0.7732858950031626,250.0
0.9323529411764706,0.8583333333333333,0.8608870967741935,1.0,0.06,0.7720210309930424,251.0
0.9441176470588235,0.8916666666666667,0.8508064516129031,0.0,0.68,0.7716046805819101,252.0
0.9352941176470588,0.8916666666666667,0.8336693548387096,1.0,0.06,0.7712576691967109,253.0
0.9411764705882353,0.8666666666666667,0.8407258064516129,1.0,0.05,0.768345192915876,254.0
0.9294117647058824,0.9166666666666666,0.8629032258064516,0.0,0.62,0.7675572422517394,255.0
0.9029411764705882,0.875,0.8185483870967741,1.0,0.14,0.7672998102466793,256.0
0.9264705882352942,0.875,0.8548387096774194,0.0,0.69,0.7665692599620494,257.0
0.9588235294117647,0.9,0.8961693548387097,0.0,0.52,0.7665566888045541,258.0
0.9176470588235294,0.8583333333333333,0.8518145161290321,0.0,0.73,0.7661227862112586,259.0
0.8852941176470588,0.8916666666666667,0.8407258064516129,1.0,0.09,0.7653746046805818,260.0
0.9352941176470588,0.8333333333333334,0.8608870967741935,1.0,0.02,0.7617563251106894,261.0
0.9176470588235294,0.8333333333333334,0.8598790322580645,1.0,0.05,0.7615421410499683,262.0
0.8852941176470588,0.825,0.8518145161290321,1.0,0.13,0.7613678842504743,263.0
0.9147058823529411,0.8666666666666667,0.8266129032258064,1.0,0.06,0.7589936748893105,264.0
0.8823529411764706,0.8333333333333334,0.872983870967742,1.0,0.06,0.7581500632511069,265.0
0.9235294117647059,0.8916666666666667,0.8235887096774194,1.0,0.01,0.7577922991777355,266.0
0.9088235294117647,0.825,0.8629032258064516,0.0,0.71,0.7575768500948767,267.0
0.9352941176470588,0.8833333333333333,0.7983870967741935,1.0,0.05,0.7575063251106894,268.0
0.9294117647058824,0.875,0.8266129032258064,1.0,0.01,0.7568368121442124,269.0
0.9058823529411765,0.9166666666666666,0.8064516129032259,1.0,0.03,0.7562394054395951,270.0
0.9382352941176471,0.8833333333333333,0.8064516129032259,1.0,0.02,0.7561609740670462,271.0
0.9147058823529411,0.825,0.8497983870967741,1.0,0.05,0.7561159867172674,272.0
0.9176470588235294,0.8916666666666667,0.7963709677419355,1.0,0.05,0.7541563883617962,273.0
0.9029411764705882,0.9083333333333333,0.8064516129032259,1.0,0.03,0.7538374446552815,274.0
0.9294117647058824,0.8416666666666667,0.8387096774193549,1.0,0.01,0.7537991777356103,275.0
0.9058823529411765,0.8583333333333333,0.8427419354838709,1.0,0.01,0.7524598355471219,276.0
0.9147058823529411,0.875,0.8185483870967741,1.0,0.02,0.7522409867172675,277.0
0.9382352941176471,0.9166666666666666,0.8860887096774193,0.0,0.45,0.7512187697659709,278.0
0.9294117647058824,0.8666666666666667,0.8064516129032259,1.0,0.02,0.7506217583807717,279.0
0.9,0.875,0.8286290322580646,1.0,0.01,0.7500887096774194,280.0
0.9323529411764706,0.8833333333333333,0.7953629032258064,1.0,0.01,0.7498637729285262,281.0
0.8941176470588236,0.875,0.8266129032258064,1.0,0.02,0.7495132827324478,282.0
0.9147058823529411,0.8666666666666667,0.8195564516129034,1.0,0.01,0.7493767394054396,283.0
0.9147058823529411,0.8416666666666667,0.8407258064516129,1.0,0.0,0.7492275458570524,284.0
0.9176470588235294,0.875,0.8084677419354839,1.0,0.0,0.7469520872865275,285.0
0.9294117647058824,0.8333333333333334,0.8225806451612904,1.0,0.0,0.7457938013915243,286.0
0.9176470588235294,0.8166666666666667,0.8245967741935484,1.0,0.02,0.7431241302972802,287.0
0.9323529411764706,0.8833333333333333,0.7711693548387097,1.0,0.01,0.7426057084123971,288.0
0.961764705882353,0.95,0.909274193548387,0.0,0.26,0.7422234345351043,289.0
0.95,0.9,0.8669354838709677,0.0,0.43,0.7420806451612902,290.0
0.9058823529411765,0.875,0.8014112903225806,1.0,0.0,0.7418939753320682,291.0
0.8852941176470588,0.8666666666666667,0.8185483870967741,1.0,0.01,0.7417213788741301,292.0
0.9323529411764706,0.8416666666666667,0.8004032258064516,1.0,0.0,0.7415425363693865,293.0
0.9176470588235294,0.8416666666666667,0.8104838709677419,1.0,0.0,0.7408902593295382,294.0
0.9117647058823529,0.85,0.8084677419354839,1.0,0.0,0.7404814990512334,295.0
0.9235294117647059,0.85,0.7943548387096774,1.0,0.0,0.7391888045540796,296.0
0.9558823529411765,0.9333333333333333,0.8991935483870968,0.0,0.29,0.7388953194180897,297.0
0.9058823529411765,0.85,0.8044354838709677,1.0,0.0,0.7378012333965844,298.0
0.8852941176470588,0.85,0.8195564516129034,1.0,0.0,0.7371904648956357,299.0
0.9176470588235294,0.825,0.8074596774193549,1.0,0.0,0.7366496679316888,300.0
0.9176470588235294,0.8333333333333334,0.7963709677419355,1.0,0.0,0.7349897216951297,301.0
0.8911764705882353,0.8333333333333334,0.8125000000000001,1.0,0.01,0.7347107843137255,302.0
0.8823529411764706,0.7916666666666666,0.8286290322580646,1.0,0.04,0.7335102783048703,303.0
0.8852941176470588,0.8666666666666667,0.7953629032258064,1.0,0.0,0.73326573371284,304.0
0.9117647058823529,0.9166666666666666,0.7288306451612904,1.0,0.02,0.7329237033523086,305.0
0.8764705882352941,0.8333333333333334,0.8014112903225806,1.0,0.04,0.7322077008222644,306.0
0.8823529411764706,0.8083333333333333,0.8165322580645161,1.0,0.02,0.7302145793801391,307.0
0.9294117647058824,0.9083333333333333,0.8830645161290323,0.0,0.34,0.729938962681847,308.0
0.9147058823529411,0.8416666666666667,0.7701612903225806,1.0,0.01,0.7295581910183426,309.0
0.8764705882352941,0.8416666666666667,0.7752016129032259,1.0,0.06,0.7290114642631246,310.0
0.8852941176470588,0.8166666666666667,0.8094758064516129,1.0,0.0,0.7274996046805818,311.0
0.9352941176470588,0.8833333333333333,0.871975806451613,0.0,0.36,0.7260829380139153,312.0
0.8852941176470588,0.8083333333333333,0.7943548387096774,1.0,0.02,0.7242966476913346,313.0
0.8735294117647059,0.8416666666666667,0.7731854838709677,1.0,0.01,0.7201713314358,314.0
0.9558823529411765,0.925,0.877016129032258,0.0,0.2,0.7170754269449715,315.0
0.9558823529411765,0.95,0.8467741935483871,0.0,0.21,0.7145028462998102,316.0
0.861764705882353,0.8083333333333333,0.7862903225806451,1.0,0.01,0.7144949399114484,317.0
0.9235294117647059,0.8833333333333333,0.8971774193548387,0.0,0.25,0.7142022454142948,318.0
0.9176470588235294,0.8583333333333333,0.8850806451612903,0.0,0.29,0.710102624920936,319.0
0.9352941176470588,0.9333333333333333,0.873991935483871,0.0,0.18,0.7096877767235927,320.0
0.8764705882352941,0.8166666666666667,0.7560483870967742,1.0,0.0,0.7092654965211891,321.0
0.9176470588235294,0.9083333333333333,0.876008064516129,0.0,0.23,0.7083808507273877,322.0
0.9294117647058824,0.925,0.8608870967741935,0.0,0.2,0.7056190702087286,323.0
0.8705882352941177,0.7916666666666666,0.7600806451612904,1.0,0.01,0.7055045857052498,324.0
0.9382352941176471,0.9,0.8830645161290323,0.0,0.17,0.7049781783681214,325.0
0.9411764705882353,0.9166666666666666,0.8629032258064516,0.0,0.18,0.7044984187223277,326.0
0.9294117647058824,0.825,0.907258064516129,0.0,0.19,0.6980303605313092,327.0
0.9323529411764706,0.8916666666666667,0.877016129032258,0.0,0.15,0.6970264073371284,328.0
0.9294117647058824,0.875,0.8800403225806452,0.0,0.17,0.6968650379506641,329.0
0.9205882352941176,0.8916666666666667,0.876008064516129,0.0,0.15,0.6937828115117013,330.0
0.9264705882352942,0.8833333333333333,0.8487903225806451,0.0,0.19,0.6914214104996838,331.0
0.9411764705882353,0.8416666666666667,0.8689516129032258,0.0,0.18,0.6913129348513599,332.0
0.8823529411764706,0.825,0.6854838709677419,1.0,0.0,0.6912333965844403,333.0
0.8911764705882353,0.875,0.871975806451613,0.0,0.21,0.6908868595825427,334.0
0.8970588235294118,0.9333333333333333,0.871975806451613,0.0,0.11,0.6890241144845035,335.0
0.9294117647058824,0.8583333333333333,0.8810483870967742,0.0,0.13,0.6878341239721696,336.0
0.888235294117647,0.9166666666666666,0.8568548387096774,0.0,0.16,0.6864486084756483,337.0
0.9058823529411765,0.9166666666666666,0.8669354838709677,0.0,0.11,0.6863845667299178,338.0
0.9205882352941176,0.8666666666666667,0.871975806451613,0.0,0.14,0.6860731340923466,339.0
0.9352941176470588,0.9083333333333333,0.8568548387096774,0.0,0.08,0.6845466476913347,340.0
0.8941176470588236,0.8583333333333333,0.870967741935484,0.0,0.18,0.6834864010120177,341.0
0.9323529411764706,0.8666666666666667,0.8538306451612904,0.0,0.13,0.6820707621758381,342.0
0.9205882352941176,0.85,0.875,0.0,0.12,0.6806470588235294,343.0
0.9176470588235294,0.8833333333333333,0.8639112903225806,0.0,0.1,0.6802518184693233,344.0
0.9176470588235294,0.9166666666666666,0.8598790322580645,0.0,0.06,0.679708807716635,345.0
0.9176470588235294,0.8583333333333333,0.8497983870967741,0.0,0.14,0.6770179475015813,346.0
0.8764705882352941,0.875,0.8608870967741935,0.0,0.16,0.6763837760910816,347.0
0.9176470588235294,0.9,0.8598790322580645,0.0,0.06,0.6763754743833017,348.0
0.9323529411764706,0.875,0.8629032258064516,0.0,0.06,0.6759592030360532,349.0
0.9235294117647059,0.8916666666666667,0.8629032258064516,0.0,0.05,0.6755866540164452,350.0
0.9470588235294117,0.9166666666666666,0.8064516129032259,0.0,0.09,0.675533523086654,351.0
0.9147058823529411,0.8666666666666667,0.8497983870967741,0.0,0.12,0.6749493200506008,352.0
0.9088235294117647,0.875,0.8629032258064516,0.0,0.09,0.6745768500948767,353.0
0.8970588235294118,0.9,0.8548387096774194,0.0,0.09,0.6742163187855787,354.0
0.9264705882352942,0.875,0.8407258064516129,0.0,0.09,0.6723353889943073,355.0
0.9058823529411765,0.9083333333333333,0.8518145161290321,0.0,0.05,0.6711816097406703,356.0
0.9235294117647059,0.9,0.8205645161290324,0.0,0.09,0.6705517077798862,357.0
0.9,0.9166666666666666,0.8518145161290321,0.0,0.04,0.669877688172043,358.0
0.9323529411764706,0.8916666666666667,0.8346774193548386,0.0,0.04,0.6678247944339026,359.0
0.9117647058823529,0.8833333333333333,0.8397177419354839,0.0,0.07,0.6670231657179,360.0
0.9058823529411765,0.8583333333333333,0.8558467741935484,0.0,0.08,0.6668912871600252,361.0
0.9205882352941176,0.8833333333333333,0.8497983870967741,0.0,0.03,0.6662532416192282,362.0
0.9235294117647059,0.875,0.8366935483870969,0.0,0.06,0.6658904174573056,363.0
0.9264705882352942,0.8666666666666667,0.8397177419354839,0.0,0.06,0.665866302972802,364.0
0.8970588235294118,0.8,0.8326612903225806,0.0,0.21,0.6655630929791271,365.0
0.8941176470588236,0.85,0.8800403225806452,0.0,0.05,0.6650415085388994,366.0
0.9264705882352942,0.875,0.8407258064516129,0.0,0.04,0.6648353889943074,367.0
0.8852941176470588,0.8833333333333333,0.8538306451612904,0.0,0.07,0.6646393896268183,368.0
0.9235294117647059,0.8833333333333333,0.8316532258064516,0.0,0.05,0.6645449873497786,369.0
0.9117647058823529,0.8833333333333333,0.8427419354838709,0.0,0.04,0.6634304237824162,370.0
0.9323529411764706,0.8333333333333334,0.8639112903225806,0.0,0.03,0.6634282890575585,371.0
0.9117647058823529,0.8666666666666667,0.8437499999999999,0.0,0.06,0.6633995098039215,372.0
0.9147058823529411,0.8666666666666667,0.8548387096774194,0.0,0.03,0.6629614168247944,373.0
0.9176470588235294,0.8916666666666667,0.8336693548387096,0.0,0.03,0.6623459044908284,374.0
0.9294117647058824,0.8833333333333333,0.8387096774193549,0.0,0.01,0.6621325110689437,375.0
0.8970588235294118,0.8916666666666667,0.8487903225806451,0.0,0.03,0.6617351359898798,376.0
0.9058823529411765,0.9,0.8286290322580646,0.0,0.04,0.6610592979127135,377.0
0.8794117647058823,0.85,0.8689516129032258,0.0,0.07,0.6610384250474384,378.0
0.9235294117647059,0.8916666666666667,0.8336693548387096,0.0,0.01,0.6608164927261226,379.0
0.9382352941176471,0.85,0.8437499999999999,0.0,0.02,0.6606838235294117,380.0
0.9176470588235294,0.8666666666666667,0.8487903225806451,0.0,0.02,0.6603821948134092,381.0
0.9176470588235294,0.875,0.8528225806451614,0.0,0.0,0.6602585388994308,382.0
0.9176470588235294,0.875,0.8518145161290321,0.0,0.0,0.659956119544592,383.0
0.8794117647058823,0.8833333333333333,0.8467741935483871,0.0,0.06,0.6595518659076534,384.0
0.9147058823529411,0.8666666666666667,0.8366935483870969,0.0,0.02,0.6560178684376977,385.0
0.9058823529411765,0.8833333333333333,0.8306451612903226,0.0,0.02,0.6553308032890576,386.0
0.9323529411764706,0.8833333333333333,0.8185483870967741,0.0,0.0,0.6553194180898165,387.0
0.9088235294117647,0.925,0.8094758064516129,0.0,0.0,0.655048624288425,388.0
0.9235294117647059,0.8583333333333333,0.8276209677419356,0.0,0.02,0.6538353099304238,389.0
0.8911764705882353,0.85,0.8568548387096774,0.0,0.02,0.6528505692599621,390.0
0.9088235294117647,0.9,0.8185483870967741,0.0,0.0,0.6527703984819735,391.0
0.9323529411764706,0.8583333333333333,0.8215725806451614,0.0,0.01,0.6527266761543327,392.0
0.9294117647058824,0.85,0.8215725806451614,0.0,0.02,0.651824715370019,393.0
0.9205882352941176,0.85,0.8336693548387096,0.0,0.01,0.6517478652751422,394.0
0.9088235294117647,0.875,0.8245967741935484,0.0,0.01,0.6510849146110057,395.0
0.9088235294117647,0.8666666666666667,0.8326612903225806,0.0,0.0,0.6503376027830486,396.0
0.9235294117647059,0.85,0.8306451612903226,0.0,0.0,0.6500759013282733,397.0
0.9176470588235294,0.875,0.8185483870967741,0.0,0.0,0.6499762808349145,398.0
0.9264705882352942,0.8666666666666667,0.8165322580645161,0.0,0.0,0.6499106578115117,399.0
0.9,0.875,0.8326612903225806,0.0,0.0,0.6497983870967742,400.0
0.9,0.8583333333333333,0.8427419354838709,0.0,0.0,0.6494892473118279,401.0
0.8970588235294118,0.8833333333333333,0.8225806451612904,0.0,0.01,0.6492055660974066,402.0
0.9176470588235294,0.8666666666666667,0.8155241935483871,0.0,0.01,0.6489023561037317,403.0
0.9117647058823529,0.8583333333333333,0.8306451612903226,0.0,0.0,0.6488013915243517,404.0
0.888235294117647,0.85,0.8397177419354839,0.0,0.03,0.6484741461100569,405.0
0.8970588235294118,0.875,0.8296370967741936,0.0,0.0,0.648155834914611,406.0
0.9,0.8583333333333333,0.8276209677419356,0.0,0.02,0.6479529569892474,407.0
0.9,0.8833333333333333,0.8205645161290324,0.0,0.0,0.6478360215053763,408.0
0.9088235294117647,0.8833333333333333,0.8064516129032259,0.0,0.01,0.6473080328905755,409.0
0.8970588235294118,0.875,0.8195564516129034,0.0,0.01,0.646631641366224,410.0
0.9029411764705882,0.85,0.8336693548387096,0.0,0.0,0.6458361005692599,411.0
0.9411764705882353,0.8583333333333333,0.7762096774193549,0.0,0.04,0.645823687539532,412.0
0.9029411764705882,0.875,0.8165322580645161,0.0,0.0,0.645694971537002,413.0
0.9117647058823529,0.875,0.8074596774193549,0.0,0.0,0.6451790796963948,414.0
0.9147058823529411,0.8583333333333333,0.8155241935483871,0.0,0.0,0.6450003953194181,415.0
0.9029411764705882,0.9,0.7762096774193549,0.0,0.04,0.6445981973434536,416.0
0.9058823529411765,0.8666666666666667,0.8135080645161291,0.0,0.0,0.6438563409234661,417.0
0.8941176470588236,0.8583333333333333,0.7983870967741935,0.0,0.06,0.6437122074636307,418.0
0.8941176470588236,0.8916666666666667,0.7923387096774194,0.0,0.02,0.642564358001265,419.0
0.8941176470588236,0.8666666666666667,0.8185483870967741,0.0,0.0,0.6424272612270714,420.0
0.9029411764705882,0.8416666666666667,0.8266129032258064,0.0,0.0,0.6420524984187223,421.0
0.8970588235294118,0.8583333333333333,0.8195564516129034,0.0,0.0,0.6417983080328906,422.0
0.8970588235294118,0.85,0.8245967741935484,0.0,0.0,0.6416437381404174,423.0
0.9205882352941176,0.8416666666666667,0.8104838709677419,0.0,0.0,0.6416255534471853,424.0
0.9264705882352942,0.8583333333333333,0.7923387096774194,0.0,0.0,0.640985926628716,425.0
0.9029411764705882,0.875,0.8004032258064516,0.0,0.0,0.6408562618595826,426.0
0.8823529411764706,0.8666666666666667,0.8225806451612904,0.0,0.0,0.640695762175838,427.0
0.9088235294117647,0.8333333333333334,0.8165322580645161,0.0,0.0,0.6388322264389628,428.0
0.8941176470588236,0.8333333333333334,0.8286290322580646,0.0,0.0,0.638784788108792,429.0
0.9264705882352942,0.8333333333333334,0.8014112903225806,0.0,0.0,0.6387077008222644,430.0
0.8823529411764706,0.8333333333333334,0.8326612903225806,0.0,0.01,0.6385532890575585,431.0
0.9264705882352942,0.875,0.7711693548387097,0.0,0.0,0.6379684535104364,432.0
0.9294117647058824,0.8583333333333333,0.7741935483870968,0.0,0.01,0.6377776723592662,433.0
0.8823529411764706,0.85,0.8235887096774194,0.0,0.0,0.6376648481973435,434.0
0.9235294117647059,0.875,0.7701612903225806,0.0,0.0,0.6369307400379507,435.0
0.9058823529411765,0.8416666666666667,0.7963709677419355,0.0,0.02,0.636715211891208,436.0
0.8852941176470588,0.825,0.8286290322580646,0.0,0.01,0.6364122390891841,437.0
0.9264705882352942,0.825,0.7953629032258064,0.0,0.0,0.6352265180265655,438.0
0.9147058823529411,0.825,0.8044354838709677,0.0,0.0,0.6350071157495256,439.0
0.9088235294117647,0.875,0.7741935483870968,0.0,0.0,0.6344639468690703,440.0
0.8941176470588236,0.8333333333333334,0.8135080645161291,0.0,0.0,0.6342484977862113,441.0
0.888235294117647,0.85,0.8064516129032259,0.0,0.0,0.6339943074003795,442.0
0.9,0.8333333333333334,0.8064516129032259,0.0,0.0,0.6336021505376345,443.0
0.8970588235294118,0.8666666666666667,0.7852822580645161,0.0,0.0,0.6331827166350411,444.0
0.9205882352941176,0.7833333333333333,0.8195564516129034,0.0,0.0,0.6326806609740672,445.0
0.9029411764705882,0.875,0.7711693548387097,0.0,0.0,0.63208610056926,446.0
0.8823529411764706,0.875,0.7862903225806451,0.0,0.0,0.6314753320683112,447.0
0.8852941176470588,0.8333333333333334,0.8104838709677419,0.0,0.0,0.6311353573687539,448.0
0.888235294117647,0.8416666666666667,0.8024193548387096,0.0,0.0,0.631117963314358,449.0
0.8794117647058823,0.8333333333333334,0.8084677419354839,0.0,0.0,0.6290599304237824,450.0
0.8823529411764706,0.85,0.7933467741935484,0.0,0.0,0.6285922675521822,451.0
0.888235294117647,0.825,0.8034274193548387,0.0,0.0,0.6280870493358635,452.0
0.8823529411764706,0.825,0.8074596774193549,0.0,0.0,0.6278261385199242,453.0
0.9294117647058824,0.85,0.7459677419354839,0.0,0.01,0.6276432637571157,454.0
0.8941176470588236,0.8333333333333334,0.7903225806451613,0.0,0.0,0.627292852624921,455.0
0.8823529411764706,0.8416666666666667,0.7943548387096774,0.0,0.0,0.6272280202403542,456.0
0.8823529411764706,0.8166666666666667,0.8084677419354839,0.0,0.0,0.6264618912080961,457.0
0.8705882352941177,0.825,0.8094758064516129,0.0,0.0,0.6254898007590133,458.0
0.8941176470588236,0.875,0.7560483870967742,0.0,0.0,0.6253439278937382,459.0
0.8970588235294118,0.85,0.7701612903225806,0.0,0.0,0.6253130929791271,460.0
0.8764705882352941,0.8166666666666667,0.8094758064516129,0.0,0.0,0.6252937223276407,461.0
0.8764705882352941,0.8416666666666667,0.7923387096774194,0.0,0.0,0.6251525932953826,462.0
0.8794117647058823,0.8333333333333334,0.7953629032258064,0.0,0.0,0.6251284788108792,463.0
0.8794117647058823,0.8333333333333334,0.7943548387096774,0.0,0.0,0.6248260594560404,464.5
0.8794117647058823,0.8333333333333334,0.7943548387096774,0.0,0.0,0.6248260594560404,464.5
0.8735294117647059,0.8333333333333334,0.7963709677419355,0.0,0.0,0.6239603099304238,466.0
0.8941176470588236,0.8416666666666667,0.7721774193548387,0.0,0.0,0.6235159709044908,467.0
0.8676470588235294,0.8416666666666667,0.7923387096774194,0.0,0.0,0.6229467109424415,468.0
0.8735294117647059,0.825,0.7872983870967741,0.0,0.02,0.6225718690702088,469.0
0.8794117647058823,0.8083333333333333,0.7721774193548387,0.0,0.05,0.6206728336495888,470.0
0.9294117647058824,0.8166666666666667,0.748991935483871,0.0,0.0,0.6203838551549652,471.0
0.8911764705882353,0.825,0.7721774193548387,0.0,0.0,0.6194473434535105,472.0
0.8705882352941177,0.8416666666666667,0.7741935483870968,0.0,0.0,0.6182384566729917,473.0
0.9147058823529411,0.8166666666666667,0.7520161290322581,0.0,0.0,0.617614642631246,474.0
0.8794117647058823,0.8,0.7923387096774194,0.0,0.0,0.6175545540796964,475.0
0.8911764705882353,0.8166666666666667,0.7711693548387097,0.0,0.0,0.617478257432005,476.0
0.8735294117647059,0.8,0.7953629032258064,0.0,0.0,0.6169912239089184,477.0
0.8941176470588236,0.8083333333333333,0.7701612903225806,0.0,0.0,0.6162444655281467,478.0
0.8705882352941177,0.8083333333333333,0.7862903225806451,0.0,0.0,0.6152008222643897,479.0
0.8764705882352941,0.825,0.7661290322580645,0.0,0.0,0.6139563567362429,480.0
0.9117647058823529,0.825,0.7358870967741935,0.0,0.0,0.6137073055028462,481.0
0.8735294117647059,0.8166666666666667,0.7731854838709677,0.0,0.0,0.6136713314358001,482.0
0.8676470588235294,0.825,0.7711693548387097,0.0,0.0,0.6132625711574953,483.0
0.8852941176470588,0.8,0.7620967741935484,0.0,0.02,0.6129525616698293,484.0
0.888235294117647,0.825,0.751008064516129,0.0,0.0,0.6123612428842504,485.0
0.8529411764705882,0.8666666666666667,0.7520161290322581,0.0,0.0,0.6121734661606578,486.0
0.8794117647058823,0.8333333333333334,0.7479838709677419,0.0,0.0,0.6109147691334598,487.0
0.8676470588235294,0.825,0.7631048387096775,0.0,0.0,0.6108432163187856,488.0
0.8764705882352941,0.7666666666666667,0.7943548387096774,0.0,0.0,0.61075743200506,489.0
0.8764705882352941,0.825,0.7520161290322581,0.0,0.0,0.609722485768501,490.0
0.8529411764705882,0.8333333333333334,0.7620967741935484,0.0,0.0,0.6085309930423782,491.0
0.888235294117647,0.825,0.7308467741935484,0.0,0.0,0.6063128557874763,492.0
0.8647058823529412,0.7916666666666666,0.7701612903225806,0.0,0.0,0.6055581910183427,493.0
0.8735294117647059,0.8,0.748991935483871,0.0,0.0,0.6030799335863378,494.0
0.8705882352941177,0.825,0.7338709677419355,0.0,0.0,0.60280834914611,495.0
0.8676470588235294,0.8,0.7399193548387096,0.0,0.0,0.5988875711574952,496.0
0.8764705882352941,0.8083333333333333,0.7268145161290323,0.0,0.0,0.5988286685641999,497.0
0.8794117647058823,0.7833333333333333,0.7399193548387096,0.0,0.0,0.5984954142947502,498.0
0.8647058823529412,0.775,0.7419354838709677,0.0,0.0,0.5937571157495256,499.0
0.8676470588235294,0.775,0.7258064516129032,0.0,0.0,0.5896537001897534,500.0
